variable,n_yes,mean_yes,sd_yes,n_no,mean_no,sd_no,diff_yes_minus_no,ci95_lo,ci95_hi,cohen_d
Avg_Daily_Usage_Hours,428,5.52873831775701,1.0551274590215338,250,3.8068,0.7666713113182164,1.7219383177570098,1.5840106834330878,1.8598659520809318,1.7955119281454377
Sleep_Hours_Per_Night,428,6.401635514018692,0.9657711667181507,250,7.8216,0.6858388584492979,-1.4199644859813079,-1.5448610736973913,-1.2950678982652244,-1.6262297562462873
Mental_Health_Score,428,5.595794392523365,0.7227848010532513,250,7.428,0.5038167576621533,-1.8322056074766353,-1.9248836769543138,-1.7395275379989568,-2.8154949950030335
Addicted_Score,428,7.411214953271028,0.8207299090830453,250,4.596,0.7231013082604899,2.8152149532710276,2.6965549047846373,2.9338750017574178,3.5808750685018644
Age,428,20.628504672897197,1.294857639576522,250,20.94,1.4340943155957688,-0.31149532710280425,-0.527482355997094,-0.09550829820851442,-0.2311106713226849
Conflicts_Over_Social_Media,428,3.413551401869159,0.57219205818503,250,1.788,0.4470519228084664,1.6255514018691588,1.5480303360155865,1.7030724677227311,3.0696899827569935
