variable,n_yes,mean_yes,sd_yes,n_no,mean_no,sd_no,diff_yes_minus_no,ci95_lo,ci95_hi,cohen_d
Avg_Daily_Usage_Hours,453,5.5386313465783665,1.0294275746710373,252,3.8043650793650796,0.765400185442421,1.734266267213287,1.600412177313647,1.8681203571129268,1.8377764958122165
Sleep_Hours_Per_Night,453,6.3437086092715225,0.9694384944645072,252,7.813095238095238,0.6900741507425493,-1.4693866288237158,-1.5927916915733351,-1.3459815660740966,-1.6698830613124835
Mental_Health_Score,453,5.560706401766004,0.7188679860088946,252,7.424603174603175,0.503246275707815,-1.8638967728371707,-1.9546869630323145,-1.773106582642027,-2.8669035875662896
Addicted_Score,453,7.4613686534216335,0.8315860092528792,252,4.595238095238095,0.7216467603131472,2.8661305581835386,2.74864495368887,2.983616162678207,3.609362720671626
Age,453,20.516556291390728,1.3494720598433003,252,20.916666666666668,1.4520901270416355,-0.40011037527593984,-0.6182514357126043,-0.1819693148392754,-0.28847539448843795
Conflicts_Over_Social_Media,453,3.443708609271523,0.5718595841027246,252,1.7817460317460319,0.4507454283952861,1.6619625775254911,1.585344734910072,1.7385804201409103,3.125209484459034
