variable,chi2,df,p_value,cramers_v,min_expected
Gender,0.4313586291529613,1,0.5113230416019914,0.024735727431480243,125.82127659574468
Academic_Level,10.792720614631826,2,0.004533049861948384,0.12372883078269856,9.651063829787233
Relationship_Status,22.714151400297652,2,1.1686506174663974e-05,0.1794955555675608,11.438297872340426
Most_Used_Platform,209.42948611891524,6,1.86313745246365e-42,0.5450349538129586,7.506382978723404
